{"Close_min": 29834.17578125, "Close_max": 131496.84375}