{"Close_min": 26489.1328125, "Close_max": 131496.84375}