{"Close_min": 32229.955078125, "Close_max": 131496.84375}