{"Close_min": 26489.134765625, "Close_max": 131496.84375}