{"Close_min": 26489.13671875, "Close_max": 131496.84375}