{"Close_min": 29834.1796875, "Close_max": 131496.84375}