Model,RMSE,MAE,R2,MAPE
Linear Regression,0.00528973133059996,0.003800735711015645,0.9989485143888133,0.582707552730723
XGBoost,0.060342660315127895,0.0380878195764768,0.8631688392962106,4.948156795068458
BiLSTM,0.00798303957502976,0.0060768995006118655,0.9976051811403587,0.9194064958950569
