Model,RMSE,MAE,R2,Direction_Accuracy
Linear Regression,0.02029865140243144,0.014746235727714288,-0.021824995822914417,45.78313253012048
XGBoost,0.020972767594169682,0.015307555695596487,-0.09082137675806834,50.20080321285141
BiLSTM,0.020972301565710443,0.015339151911761615,-0.06670139327525071,44.35146443514644
