Model,RMSE,MAE,R2,MAPE
Linear Regression,560.2897397775347,436.4972686249652,0.9949955352140551,0.4321928552675599
XGBoost,1564.762804099055,1210.4319779116465,0.9609672341414058,1.206683907143344
