Model,RMSE,MAE,R2,Direction_Accuracy
Linear Regression,0.1406605699470987,0.09732275534030618,0.03588331879965312,99.6
XGBoost,0.10046642566971123,0.07075052375641852,0.5081567059510973,99.6
BiLSTM,0.14778206642674022,0.10669059893212071,-0.040147124382552635,99.58333333333333
