Model,RMSE,MAE,R2,MAPE
Linear Regression,577.6775722125903,448.02066252420565,0.995150368889387,0.44341655759114623
XGBoost,1177.6800475258322,912.3877384538148,0.979844558026955,0.8967016521302977
