Model,RMSE,MAE,R2,Direction_Accuracy
Linear Regression,0.0190394409741086,0.013195506650940087,-0.14500215890555612,63.07692307692307
XGBoost,0.013691756263196025,0.00983068093933733,0.40787112642031476,71.53846153846153
BiLSTM,0.01793885818077051,0.012952793481764828,-0.0008701151212344715,49.411764705882355
