Model,RMSE,MAE,R2,MAPE
Linear Regression,0.0054004899415187645,0.004236731638011383,0.9953013153449456,0.6248133853798444
XGBoost,0.01520806307772369,0.011412569588058386,0.9627387185802476,1.660499480435662
