Model,RMSE,MAE,R2,Direction_Accuracy
Linear Regression,0.0201521672801674,0.09378347489598765,0.0112917838415123,52.8113578714859
XGBoost,0.0191981684987383,0.06967024868913207,0.0513011386329924,52.211429678714859
BiLSTM,0.0203022925193737,0.10896683068978912,0.02021323825456651,50.411232196721312
