Model,RMSE,MAE,R2,Direction_Accuracy
Linear Regression,0.14063363972440399,0.09719464637586378,0.03684300973809551,99.6
XGBoost,0.10068677505312558,0.07085435340814238,0.506299566044025,99.6
BiLSTM,0.14607715414516573,0.10529067390773707,-0.015646975886867587,99.58333333333333
