Model,RMSE,MAE,R2,Direction_Accuracy
Linear Regression,0.12615924421855101,0.08766882597097982,0.1766582995142998,99.59839357429718
XGBoost,0.09814183534206826,0.0674823429085013,0.5017465601260925,99.59839357429718
BiLSTM,0.1426016682215957,0.10109947601345824,-0.021617534063388177,99.581589958159
