Model,RMSE,MAE,R2,Direction_Accuracy
Linear Regression,0.13589660231735948,0.0941847114879196,-0.14500165363739703,99.8076923076923
XGBoost,0.09828843595296657,0.07072599544032888,0.401045592438535,99.8076923076923
BiLSTM,0.14214731552986848,0.10669992703343056,-0.23354914722585285,99.80392156862746
