Model,RMSE,MAE,R2,Direction_Accuracy
Linear Regression,0.1363521672801674,0.09378347489598765,-0.1826035091851661,99.79919678714859
XGBoost,0.09698751684987383,0.06967024868913207,0.4016617686329924,99.79919678714859
BiLSTM,0.14237022925193737,0.10896683068978912,-0.2687623825456651,99.79508196721312
